{
  "patterns": {
    "1 koln": "viktoria koln",
    "1 koln ii": "koln",
    "1 köln ii": "1 koln ii",
    "1 lokomotive leipzig": "leipzig",
    "1 saarbrucken": "saarbrucken",
    "1 schweinfurt 05": "schweinfurt 05",
    "1 tatran presov": "tatran presov",
    "1. fsv mainz 05": "mainz",
    "1. heidenheim": "heidenheim",
    "1. koln": "koln",
    "1. kaiserslautern": "kaiserslautern",
    "1. magdeburg": "magdeburg",
    "1. saarbrucken": "saarbrucken",
    "1. schweinfurt 05": "schweinfurt 05",
    "1860 munich": "munich 1860",
    "2game": "2game esports",
    "33 team": "team 33",
    "3bl": "3bl esports",
    "4 Swines & A Bum": "4 SWINES & A BUM",
    "9z": "9z globant",
    "100 thieves gc": "100 thieves gc (w)",
    "AC Omonia": "Omonia Nicosia",
    "ACS Sepsi OSK Sfantul Gheorghe": "Sepsi Sfantu Gheorghe",
    "A.S. Gubbio 1910": "Gubbio",
    "A.S.D. ArzignanoChiampo": "Arzignano Valchiampo",
    "A.S.D. Atletico Arezzo": "Arezzo",
    "A.S.D. Potenza": "Potenza",
    "AaB Fodbold": "Aalborg",
    "AIK IBF": "AIK",
    "AS Beziers Herault": "Beziers Herault",
    "AS Karditsas": "Karditsas",
    "AS Khroub": "Khroub",
    "AS Maniema Union": "Maniema Union",
    "AS Monaco Basket": "Monaco",
    "AS Pikine": "Pikine",
    "AS Trencin": "Trencin",
    "AS Trencín": "AS Trencin",
    "ATU Kosice": "Kosice",
    "Aalborg": "Aalborg Handbold",
    "Abanca Ademar Leon": "Leon",
    "Agen": "Copenhagen",
    "Aguilas": "Rionegro Aguilas",
    "Ajax": "Jong Ajax",
    "Al Ahli": "Al Ahli Doha",
    "Al Fujairah": "Dibba Al Fujairah",
    "Al Hussein": "Al Hussein U19",
    "Al Shamal": "Masafi Al Shamal",
    "Algo": "TEC MTY Hidalgo",
    "Almagro": "San Lorenzo Almagro",
    "Altona Magic": "Magic",
    "Amora": "Tomas Rocamora",
    "Anahuac Queretaro": "Queretaro",
    "Angers": "Cove Rangers",
    "Angers Ducs": "Angers",
    "Anyang": "Anyang Halla",
    "Ards": "Leigh Leopards",
    "Argentina (Paka)": "Argentina",
    "Aris": "Aris Limassol",
    "Armagh": "Armagh City",
    "Astralis": "ASTRAL",
    "Athletic Bilbao": "Athletic Bilbao (RossFCDK)",
    "Atlanta": "Atlanta United",
    "Atlanta Braves": "Atlanta",
    "Augsburger Panther": "Augsburg",
    "Aurora Cochabamba": "Aurora",
    "Aurora Young Blud": "Aurora",
    "Austria": "Austria Klagenfurt",
    "BOSS": "Oss",
    "Barcelona": "Barcelona Guayaquil",
    "Barcelona (Donatello)": "Barcelona",
    "Barcelona (JoKeR)": "Barcelona",
    "Barcelona (Koss)": "Barcelona",
    "Barcelona (RELEIKV2)": "Barcelona",
    "Barcelona U22": "Barcelona",
    "Bars": "Ak Bars",
    "Barys": "Beibarys",
    "Basel": "Basel Regio",
    "Basquet Girona U22": "Girona",
    "Bayern (Doofy)": "Bayern",
    "Bayern (Stasyan)": "Bayern",
    "Bayern Munich": "Bayern",
    "Bengaluru": "Royal Challengers Bengaluru",
    "Besiktas": "Besiktas Esports",
    "Blackhawks": "Hawks",
    "Blues": "Carlton Blues",
    "Bogota": "Tigres Bogota",
    "Bordeaux": "Bordeaux Begles",
    "Brackley Town": "Bra",
    "Bradford Bulls": "Bra",
    "Brahyam Zurcher": "Bra",
    "Braintree Town": "Bra",
    "Brampton Steelheads": "Bra",
    "Brandon Glanton": "Bra",
    "Brandon Moreno": "Bra",
    "Brandon Runk": "Bra",
    "Brandon Wheat Kings": "Bra",
    "Brantford Bulldogs": "Bra",
    "Bravo": "Bra",
    "Bray Wanderers": "Cray Wanderers",
    "Brazil": "Bra",
    "Brazylijski Luz": "Bra",
    "Brisbane Lions": "Lions",
    "Brisbane Roar": "Brisbane Roar (youth)",
    "Bruins": "Providence Bruins",
    "Bulls": "New York Red Bulls",
    "CSKA": "CSKA Moscow",
    "CSM Slatina": "Latina",
    "CYBERSHOKE": "Team Cybershoke",
    "Cajamarca": "UTC Cajamarca",
    "California Baptist Lancers": "California Baptist Lancers (stud)",
    "Canada": "Canada (SANTORITOS_0)",
    "Canucks": "Abbotsford Canucks",
    "Capitals": "Delhi Capitals",
    "Carrick Rangers": "Angers",
    "Cartagena": "Real Cartagena",
    "Central Cordoba SdE": "Cordoba",
    "Cercle Brugge": "Brugge",
    "Ceske Budejovice": "Motor Ceske Budejovice",
    "Charlotte": "Charlotte Checkers",
    "Chester": "Chesterfield",
    "Chicago Wolves": "Wolves",
    "Chiefs": "Kaizer Chiefs",
    "Chomutov": "Levharti Chomutov",
    "Cincinnati Reds": "Cincinnati",
    "Clermont Auvergne": "Clermont",
    "Copenhagen": "B-93 Copenhagen",
    "Cordoba": "Talleres Cordoba",
    "Cork": "Cork City",
    "Coyotes": "Coyotes de Tlaxcala",
    "Cracovia": "Cracovia Krakow",
    "Croatia Zmijavci": "Croatia",
    "Croatian Flair": "Croatia",
    "Crusaders": "Holy Cross Crusaders",
    "Crvena Zvezda (yammyloon)": "Crvena Zvezda",
    "Cwmbran Celtic": "Celtic",
    "Dallas": "Dallas Baptist Patriots",
    "Defence Force": "Defence Force Ethiopia",
    "Defensor Sporting": "Sporting",
    "Defensores Belgrano": "Belgrano",
    "Denver Pioneers": "Denver Pioneers (stud)",
    "Derry": "Derry City",
    "Devils": "Cardiff Devils",
    "Dolphins": "Le Moyne Dolphins (stud)",
    "Dornbirn Lions": "Lions",
    "Down": "Portadown",
    "Dragons": "Baglan Dragons",
    "Dublin": "Bohemians Dublin",
    "Dundee": "Dundee Stars",
    "ENCE": "ENCE Academy",
    "Eastern Lions": "Lions",
    "Edinburgh City": "Edinburgh",
    "Enisey": "Enisey Krasnoyarsk",
    "Enosis Paralimniou": "Enosis Paralimni",
    "FC Barcelona": "Barcelona",
    "FC Grenoble Rugby": "Grenoble",
    "FC Porto": "Porto",
    "Fakel": "Fakel Yamal Novyi Urengoy",
    "Florko Kosice": "Kosice",
    "Flyers": "Leamington Flyers",
    "France": "France (stepava)",
    "GCK Lions": "Lions",
    "Galions": "Lions",
    "Geneve Servette": "Servette",
    "Gent": "Gentle Mates",
    "Georgia": "Georgia Swarm",
    "Germany (Billy_Alish)": "Germany",
    "Germany (Terza)": "Germany",
    "Gladesville Ryde Magic": "Magic",
    "Golden Knights": "Golden knights",
    "Golden Lions": "Lions",
    "Golden knights": "Golden Knights",
    "Grasshoppers Zilina": "Zilina",
    "Graz": "Sturm 2 Graz",
    "Grenoble Bruleurs de Loups": "Grenoble",
    "HBC Nantes": "Nantes",
    "HK Sochi": "Sochi",
    "Hamar": "Storhamar",
    "Hapoel Tel-Aviv": "Hapoel Tel Aviv",
    "Hawks": "Fukuoka SoftBank Hawks",
    "Hawksbury City": "Hawks",
    "Hawthorn Hawks": "Hawks",
    "Heat": "Mie Honda Heat",
    "High Point Panthers": "High Point Panthers (stud)",
    "Highlanders": "Radford Highlanders (stud)",
    "Honved": "Budapest Honved",
    "Hradec Kralove": "FbC Hradec Kralove",
    "Huddersfield": "Huddersfield Giants",
    "Hurricanes": "Lethbridge Hurricanes",
    "Illinois (stud)": "Western Illinois (stud)",
    "Independiente Medellin": "Independiente",
    "Independiente Petrolero": "Independiente",
    "Independiente Rivadavia": "Independiente",
    "Independiente Yumbo": "Independiente",
    "Independiente del Valle": "Independiente",
    "India": "Indian Air Force",
    "Inner West Hawks": "Hawks",
    "Stanmore Hawks": "Inner West Hawks",
    "Islanders": "Bridgeport Islanders",
    "Israel": "Israel Adesanya",
    "Italy": "Italy (Shang_Tsung)",
    "Jaguares Cordoba": "Cordoba",
    "Jahra Sporting Club": "Sporting",
    "Jets": "Chilliwack Jets",
    "Jong AZ Alkmaar": "AZ Alkmaar",
    "Jong Utrecht": "Utrecht",
    "Jordan Martinez": "Jordan",
    "Jordan Mein": "Jordan",
    "Juventus": "Juventus (kraftvk)",
    "Jyvaskyla": "O2-Jyvaskyla",
    "Kazuki Iimura": "Mura",
    "Kelty Hearts": "Hearts",
    "Kings": "Croydon Kings",
    "Kitchener Rangers": "Angers",
    "Klagenfurt": "Austria Klagenfurt",
    "Kleberson Sousa": "USA",
    "Kontich Wolves": "Wolves",
    "Kraken": "Lake Cowichan Kraken",
    "Kuzbass": "Kuzbass Kemerovo",
    "LYON": "Lyon",
    "Lakers": "Mercyhurst Lakers (stud)",
    "Laval": "Laval Rocket",
    "Le Moyne Dolphins": "Le Moyne Dolphins (stud)",
    "Leamington": "Leamington Flyers",
    "Lehigh Mountain Hawks": "Hawks",
    "Lens": "St. Helens",
    "Leon": "Leonesa",
    "Leones": "LEO",
    "Leones del Norte": "LEO",
    "Leopold Goi": "LEO",
    "Liberec": "BA Liberec",
    "Lillehammer": "Lille",
    "Lindenwood Lions (stud)": "Lions",
    "Lions": "Queensland Lions",
    "Litomerice": "Slavoj Litomerice",
    "Liverpool": "Liverpool (Kisa)",
    "Longford": "Longford Town",
    "Los Angeles": "Los Angeles Angels",
    "Lyon": "LYON",
    "MHK Dinamo-Shinnik": "Shinnik",
    "MIBR": "MIBR Academy",
    "MOUZ": "mouz NXT",
    "Macarthur": "Macarthur Rams",
    "Maccabi Ironi Ashdod": "Ashdod",
    "Maccabi Tel-Aviv": "Maccabi Tel Aviv",
    "Magic": "Magic United",
    "Mali": "Malik Lewis",
    "Malmo": "HK Malmo",
    "Mammoth": "Colorado Mammoth",
    "Marconi Stallions": "Lions",
    "Marine": "Yellow Submarine",
    "Maritimo La Guaira": "Maritimo",
    "Martin": "Martina Favaretto",
    "Max Holloway": "Max Holloway (Virusact1ve)",
    "Mayo": "2 de Mayo",
    "Meath": "Westmeath",
    "Mercyhurst Lakers": "Mercyhurst Lakers (stud)",
    "Michigan (stud)": "Western Michigan (stud)",
    "Milan": "AX Armani Milan",
    "Missouri State (stud)": "Southeast Missouri State (stud)",
    "Monmouth": "Monmouth (stud)",
    "Montana Grizzlies (stud)": "Montana",
    "Montana State Bobcats (stud)": "Montana",
    "Monte": "Montevideo Wanderers",
    "Monterrey": "Tigres Monterrey",
    "Montreal": "Talanov (TOR) Montreal",
    "Mora": "Amora",
    "Moreton City Excelsior": "Excelsior",
    "Munster": "Preussen Munster",
    "Mura": "Altamura",
    "Nais": "Nyonnais",
    "Netherlands": "Kim (NED) Netherlands",
    "Nets": "Hornets",
    "New England Revolution": "England",
    "New Mexico State (stud)": "Mexico",
    "New Zealand": "New Zealand Warriors",
    "Newcastle": "Newcastle Jets",
    "Newcastle Knights": "Newcastle",
    "Nicaragua": "Diriangen Nicaragua",
    "Nice": "Nice Aigles",
    "Nisha (Team Liquid)": "Team Liquid",
    "Noah Fujiwara": "Noah",
    "North Dakota State (stud)": "South Dakota State (stud)",
    "Northern Ireland": "Ireland",
    "Nurnberg Ice Tigers": "Nurnberg",
    "Oilers": "Stavanger Oilers",
    "Olten": "St Polten",
    "Olympiacos": "Olympiacos Nicosia",
    "Olympic Charleroi": "Charleroi",
    "Oman": "Alder Roman",
    "Omega": "Omega Esports",
    "Once Caldas": "Caldas",
    "Oshawa FireWolves": "Wolves",
    "Ospreys": "North Florida Ospreys (stud)",
    "PaiN Gaming": "paiN Gaming Academy",
    "Panionios Athens": "Panionios",
    "Panthers": "High Point Panthers",
    "Paris": "Paris Volley",
    "Penguins": "Wilkes-Barre/Scranton Penguins",
    "Penn State Nittany Lions": "Lions",
    "Platense Puerto Cortes": "Platense",
    "Portland Winterhawks": "Hawks",
    "Porto Velho": "Porto",
    "Portugal (ANTOHABEL17)": "Portugal",
    "Portugal (Doofy)": "Portugal",
    "Portugal (Makelele)": "Portugal",
    "Portugal (Sheba)": "Portugal",
    "Portuguesa": "Portuguesa Desportos",
    "Puente Genil": "Angel Ximenez Puente Genil",
    "Punjab": "Punjab Kings",
    "RED Academy": "Red Canids Academy",
    "RED Canids": "Red Canids Academy",
    "Racing Cordoba": "Cordoba",
    "Rangers": "Cove Rangers",
    "Rangers Talca": "Rangers",
    "Ready": "Always Ready",
    "Real Sociedad": "Real Sociedad Alcala",
    "Republic of Ireland": "Ireland",
    "Rijeka": "Orijent Rijeka",
    "Ringerike IHK Hoenefoss": "Oss",
    "Rockets": "Kelowna Rockets",
    "Rocks": "Urayasu D-Rocks",
    "Rodina": "Rodina Moscow",
    "Roma": "Spartak Kostroma",
    "SC Magdeburg": "Magdeburg",
    "SINQ Rangers": "Rangers",
    "Saint Joseph's Hawks": "Hawks",
    "Salzburg": "SV Austria Salzburg",
    "Samara": "CSK VVS Samara",
    "San Diego": "San Diego Padres",
    "San Lorenzo": "San Lorenzo Almagro",
    "Sandefjord": "Sandefjord Handball",
    "Sandvikens AIK BK U19": "Sandvikens",
    "Selfoss": "Oss",
    "Senators": "Belleville Senators",
    "Silkeborg": "Bjerringbro-Silkeborg",
    "Sion": "Passion",
    "Siracusa": "USA",
    "Sirius": "IK Sirius IBK",
    "Smirnov (POR) Portugal": "Portugal",
    "Sokol": "Sokol Brno",
    "Sonderjyske": "SonderjyskE Herrer",
    "South Africa Emerging Team": "South Africa",
    "Spain (Donatello)": "Spain",
    "Spain (Forstovicc27)": "Spain",
    "Spain (Prometh)": "Spain",
    "Spain (malverz)": "Spain",
    "Spartans Edinburgh": "Edinburgh",
    "Sporting": "Sporting Cristal",
    "Sporting 2 Lisbon": "Sporting",
    "Sporting Gijon": "Sporting",
    "Sporting Kansas City": "Sporting",
    "Sporting Lisbon": "Sporting",
    "Stars": "Dundee Stars",
    "Stony Brook Seawolves": "Wolves",
    "Sturt Lions": "Lions",
    "Sundsvall FBC": "Sundsvall",
    "Swansea": "Belmont Swansea United",
    "Sydney": "Sydney United",
    "TVB 1898 Stuttgart": "Stuttgart",
    "Tanta": "Farul Constanta",
    "Targu Mures": "Univer Targu Mures",
    "Team Liquid": "Team Liquid Academy",
    "Telecom Egypt": "Egypt",
    "Tenerife": "Cisneros Alter Tenerife",
    "Thun": "THUNDERdOWNUNDER",
    "Thurgau": "Floorbal Thurgau",
    "Tigers": "Sillverton Tigers",
    "Tigre": "Tigres Monterrey",
    "Timberwolves": "Wolves",
    "Tokyo": "Tokyo Verdy",
    "Torpedo": "Torpedo-Gorky",
    "Toulouse Olympique Elite": "Toulouse",
    "Trento": "Trenton Golden Hawks",
    "Trenton Golden Hawks": "Hawks",
    "Tyringe SoSS": "Oss",
    "UC3M Voleibol Leganes": "Leganes",
    "UMBC": "UMBC (stud)",
    "UP Mexico": "Mexico",
    "USA Perpignan": "USA",
    "Universidad Catolica": "Universidad Catolica Quito",
    "Usam Nimes": "USA",
    "Valencia": "Stiven Valencia",
    "Valladolid": "Recoletas Atletico Valladolid",
    "Venados": "Venados de Mazatlan",
    "Viking": "Paide Viking Window",
    "Villarreal (MeLToSik)": "Villarreal",
    "Virtus Verona": "Verona",
    "Wagner Seahawks": "Hawks",
    "Wales": "University New South Wales",
    "Warrington Wolves": "Wolves",
    "Warriors": "Vancouver Warriors",
    "Wild": "Schwenninger Wild Wings",
    "Winterthur": "HC Rychenberg Winterthur",
    "Wolfsburg": "Grizzlys Wolfsburg",
    "Wolves": "Wollongong Wolves",
    "York City": "New York City",
    "Young Lions": "Lions",
    "Yugra": "Gazprom-YUGRA",
    "Zenit SPb": "Zenit",
    "Zira": "Ziraat Bankkart",
    "Zlin": "Strabag Zlin",
    "Zonkeys de Tijuana": "Tijuana",
    "Zurich": "Grasshoppers Zurich",
    "a s d atletico arezzo": "arezzo",
    "a s d pineto calcio": "pineto",
    "a s d potenza": "potenza l",
    "a s gubbio 1910": "gubbio",
    "a.c. bra": "bra",
    "a.d. sanjoanense": "sanjoanense",
    "a.s. gubbio 1910": "gubbio",
    "a.s.d. atletico arezzo": "arezzo",
    "a.s.d. pineto calcio": "pineto",
    "a.s.d. potenza": "potenza",
    "aab esport": "aab",
    "aarhus": "agf aarhus",
    "abahani limited chittagong": "abahani chittagong",
    "ac omonia": "omonia nicosia",
    "academia puerto cabello": "academia puerto cabello",
    "academica": "academica coimbra",
    "academica de coimbra oaf": "academica coimbra",
    "ud santarem": "santarem",
    "academico de viseu": "academico viseu",
    "acs bacau": "bacau",
    "acs sepsi osk sfantul gheorghe": "sepsi sfantu gheorghe",
    "ad ceuta": "ad ceuta",
    "ad fafe": "fafe",
    "admira wacker": "admira wacker modling",
    "ae kifisia": "kifisia",
    "aegir": "aegir thorlakshofn",
    "aegir thorlakshofn": "aegir thorlakshofn",
    "aether": "team aether",
    "afc ajax ii": "jong ajax",
    "afc fylde": "fylde",
    "afc totton": "totton",
    "ag super play": "all gamers",
    "agf": "agf",
    "agf aarhus": "agf",
    "agf aarhus u19": "agf aarhus u19",
    "agropecuario": "agropecuario",
    "agropecuario argentino": "agropecuario",
    "aguia de maraba": "aguia maraba",
    "aguila": "aguila san miguel",
    "aguilas doradas": "rionegro aguilas",
    "aik": "aik",
    "aizawl": "aizawl academy",
    "ajax": "jong ajax",
    "ajax amsterdam": "ajax",
    "ajax u19": "ajax u19",
    "ajel de rufisque": "ajel rufisque",
    "akhmat": "akhmat",
    "akhmat grozny": "akhmat",
    "akritas chloraka": "akritas chloraka",
    "akritas chlorakas": "akritas chloraka",
    "akron": "akron tolyatti",
    "akron togliatti": "akron tolyatti",
    "akron tolyatti": "akron tolyatti",
    "al ahli": "al ahli",
    "al ahli doha": "al ahli doha",
    "al ahli doha sc": "al ahli doha",
    "al hilal": "al hilal",
    "al hilal sfc": "al hilal",
    "al nahda al buraimi": "al nahda al buraimi",
    "al ramtha": "ramtha",
    "al rayyan": "al rayyan",
    "al riyadh sc": "al riyadh",
    "al shabab riyadh": "al shabab riyadh",
    "al sharjah": "sharjah",
    "al shorta": "al shorta",
    "al shorta baghdad": "al shorta",
    "al wahda": "al wahda",
    "al wahda abu dhabi": "al wahda",
    "al wehda": "al wehda",
    "al wehda club mecca": "al wehda mecca",
    "al wehda mecca": "al wehda",
    "al-ahli amman": "al ahli amman",
    "al-najaf": "al najaf",
    "al-riyadh": "al-riyadh",
    "al-shabab": "al-shabab riyadh",
    "albacete balompie": "albacete",
    "ud almeria": "almeria",
    "alberto moleiro": "moleiro a",
    "albion": "albion montevideo",
    "alcione milano": "alcione",
    "alcudia ii": "alcudia 2",
    "alejandro baena": "baena a",
    "algeria": "algeria",
    "alianza": "alianza fc valledupar",
    "alianza atletico sullana": "alianza atletico",
    "adt tarma": "deportiva tarma",
    "alianza fc": "alianza fc valledupar",
    "alianza fc valledupar": "alianza fc valledupar",
    "alianza san salvador": "alianza san salvador",
    "alianza valledupar": "alianza fc valledupar",
    "almagro": "almagro",
    "altamura": "altamura",
    "amedspor": "amedspor",
    "ameliano": "sportivo ameliano",
    "america": "america",
    "america de cali": "america de cali",
    "america minas gerais": "america mineiro",
    "clube atletico mineiro": "atletico mineiro",
    "america propria se": "america propria",
    "club sportivo sergipe": "sergipe",
    "amiens": "amiens",
    "amiens sc": "amiens",
    "ammanford afc": "ammanford",
    "ancona": "ancona-matelica",
    "anderlecht ii": "anderlecht 2",
    "andorra": "andorra andorra la vella",
    "andorra andorra la vella": "andorra andorra la vella",
    "ange yoan bonny": "bonny a y",
    "angers sco": "angers",
    "angola women": "angola w",
    "anorthosis": "anorthosis famagusta",
    "antigua": "deportivo antigua",
    "antoine semenyo": "semenyo a",
    "anubis": "anubis gaming",
    "anzoategui": "academia anzoategui",
    "apoel": "apoel nicosia",
    "araguaina fr": "araguaina",
    "araz-naxcıvan": "araz nakhchivan",
    "araz-naxcivan": "araz nakhchivan",
    "arda": "arda kardzhali",
    "arda kardzhali": "arda kardzhali",
    "arema": "arema cronous",
    "arema cronous": "arema cronous",
    "arema fc": "arema cronous",
    "argentina": "argentina",
    "argentinos juniors": "argentinos juniors",
    "arges pitesti": "arges pitesti",
    "aris limassol": "aris limassol",
    "arka gdynia": "arka gdynia",
    "arsenal tula": "arsenal tula",
    "as douanes ouagadougou": "as douanes ouagadougou",
    "as monaco": "monaco",
    "as nordia jerusalem": "nordia jerusalem",
    "asc hlm dakar": "hlm dakar",
    "asc port autonome": "port autonome",
    "ascoli calcio 1898": "ascoli",
    "ashington a.f.c.": "ashington",
    "asociacion deportiva carmelita": "carmelita",
    "asociacion deportiva tarma": "deportiva tarma",
    "associacao portuguesa de desportos": "portuguesa desportos",
    "atletico el vigia": "union atletico el vigia",
    "club atletico gimnasia y esgrima": "gimnasia y esgrima mendoza",
    "club atletico temperley": "temperley",
    "club atletico atlanta": "atlanta",
    "club atletico patronato": "patronato parana",
    "club atletico colon": "colon santa fe",
    "asteras tripolis": "asteras tripolis",
    "asteras tripolis ii": "asteras tripolis",
    "aston villa": "aston villa u21",
    "astral esports": "astral",
    "atalanta": "atalanta",
    "atalanta bergamo u23": "atalanta u23",
    "atlanta utd": "atlanta united",
    "atlas guadalajara": "atlas",
    "atletico": "atletico madrid",
    "atletico boston river": "boston river",
    "atletico bucaramanga": "atletico bucaramanga",
    "atletico clube de portugal": "portugal",
    "atletico de rafaela ii": "atletico de rafaela",
    "atletico la paz": "paz n",
    "atletico lanus": "club atletico lanus",
    "atletico m": "atletico madrid",
    "atletico madrid w": "atletico madrid women",
    "atletico madrid women": "atletico madrid women",
    "atletico mitre": "atletico mitre",
    "atletico morelia": "dorados",
    "atletico nacional sa": "atletico nacional",
    "atletico paranaense": "atletico paranaense",
    "atletico san luis": "atletico san luis",
    "atletico san miguel": "ca san miguel",
    "atletico san telmo": "ca san telmo",
    "atletico santa cruz": "deportes santa cruz",
    "atletico tucuman": "atletico tucuman",
    "atromitos": "atromitos athens",
    "aucas": "deportivo aucas",
    "auckland fc": "auckland fc",
    "auckland ofc": "auckland 2",
    "audace cerignola": "audace cerignola",
    "augsburg": "augsburg",
    "aurora": "aurora guatemala",
    "aurora gaming": "aurora",
    "aurora pro patria 1919": "pro patria 1919",
    "australia": "australia",
    "austria": "austria klagenfurt",
    "austria lustenau": "austria lustenau",
    "austria wien ii": "austria vienna 2",
    "austria salzburg": "sv austria salzburg",
    "auxerre": "auxerre",
    "avellino 1912": "avellino",
    "avondale u23": "avondale",
    "avs futebol sad": "avs",
    "avs sad": "avs",
    "away teams 4 games": "away",
    "ayoub el kaabi": "el kaabi a",
    "az alkmaar ii": "az alkmaar",
    "az alkmaar u19": "az alkmaar u19",
    "az picerno asd": "picerno",
    "badalona women": "badalona w",
    "bagatelle": "bagatelle",
    "baladiyet el mahallah": "baladeyet al-mahalla",
    "bali united pusam": "bali united",
    "baltika": "baltika",
    "baltika kaliningrad": "baltika",
    "bandirmaspor": "bandirmaspor",
    "bandırmaspor": "bandirmaspor",
    "bangkok united": "bangkok united",
    "bangor celtic": "bangor",
    "bankstown city lions": "lions",
    "barcelona": "barcelona",
    "barcelona guayaquil": "barcelona guayaquil",
    "barcelona sporting club": "barcelona guayaquil",
    "barca esports": "barca esports",
    "barca esport": "barca esports",
    "barcelona ilheus": "barcelona b",
    "barcelona sc": "barcelona guayaquil",
    "bare esporte clube": "bare",
    "bari": "bari",
    "barracas central": "barracas central",
    "bastia": "bastia",
    "bayer 04 leverkusen": "bayer leverkusen",
    "bayern munchen": "bayern",
    "bayern munich": "bayern",
    "bayern münchen": "bayern munchen",
    "beerschot": "beerschot wilrijk",
    "belgium": "belgium",
    "belgrano": "belgrano",
    "belmont swansea united ii": "belmont swansea united",
    "belouizdad": "cr belouizdad",
    "benevento calcio": "benevento",
    "benfica": "benfica 2",
    "benfica 2": "benfica 2",
    "benfica ii": "benfica 2",
    "benfica u23": "benfica u23",
    "bentleigh greens u23": "bentleigh greens",
    "berkane": "renaissance berkane",
    "beroe": "beroe stara zagora",
    "beroe stara zagora": "beroe stara zagora",
    "besiktas": "besiktas",
    "betim mg": "betim",
    "beveren": "sk beveren",
    "beykoz anadoluspor u19": "beykoz anadolu u19",
    "blackburn rovers": "blackburn rovers",
    "blacktown city u20": "blacktown city u20",
    "blooming": "blooming santa cruz",
    "blue otter": "blue otter gc (w)",
    "blyth town": "blyth town",
    "boca juniors": "boca juniors",
    "bodo glimt": "bodo glimt",
    "bodo-glimt": "bodo/glimt",
    "bodo/glimt": "bodo/glimt",
    "bodrum belediyesi": "bodrum belediyesi bodrumspor",
    "bodrum belediyesi bodrumspor": "bodrum belediyesi bodrumspor",
    "bodrumspor": "bodrum belediyesi bodrumspor",
    "bohemians": "bohemians dublin",
    "bohemians 1905": "bohemians prague",
    "bohemian dublin": "bohemians dublin",
    "bohemians dublin": "bohemians dublin",
    "bohemians prague": "bohemians prague",
    "bolivia": "bolivia",
    "bologna 1909": "bologna",
    "boluspor": "boluspor",
    "bonnyrigg white eagles": "eagles",
    "borneo": "borneo",
    "borneo samarinda": "borneo",
    "borussia dortmund ii": "borussia dortmund",
    "borussia monchengladbach ii": "borussia monchengladbach",
    "bosnia and herzegovina": "bosnia and herzegovina u19",
    "botafogo": "botafogo rj",
    "botafogo fr rj": "botafogo rj",
    "botafogo ribeirao preto": "botafogo",
    "botafogo rj": "botafogo rj",
    "botafogo de futebol e regatas": "botafogo rj",
    "botev plovdiv": "botev plovdiv",
    "botev vratsa": "botev vratsa",
    "botosani": "botosani",
    "bougouba": "union sportive bougouba",
    "bougouni": "union sportive bougouni",
    "boulogne": "boulogne",
    "bounty hunters": "bounty hunters esports",
    "biskra": "us biskra",
    "bournemouth": "bournemouth",
    "boyaca patriotas": "patriotas boyaca",
    "bradford city": "bradford city",
    "braga": "braga u23",
    "braga ii": "braga 2",
    "bragantino": "bragantino",
    "brann": "brann",
    "breda": "nac breda",
    "bregenz": "schwarz weiss bregenz",
    "brentford": "brentford",
    "brest": "stade brestois 29",
    "bridlington town": "bridlington town",
    "brighton & hove albion": "brighton",
    "brighton hove albion": "brighton",
    "brisbane olympic": "olympic brisbane",
    "broadmeadow magic ii": "broadmeadow magic",
    "brondby u19": "brondby u19",
    "brugge": "brugge",
    "bruk bet termalica": "b b termalica",
    "bruno fernandes": "fernandes b",
    "bryan mbeumo": "mbeumo b",
    "bsk bijelo brdo": "bijelo brdo",
    "bucaramanga": "atletico bucaramanga",
    "budafoki mte-ujbuda": "budafoki",
    "budaiya": "al budaiya",
    "bukayo saka": "saka b",
    "bulleen lions u23": "bulleen lions",
    "burnley": "burnley",
    "c.d. luis angel firpo": "luis angel firpo",
    "c.d. municipal limeno ii": "municipal limeno",
    "ca atlanta": "atlanta",
    "ca independiente avellaneda": "independiente",
    "ca san miguel": "ca san miguel",
    "ca san telmo": "ca san telmo",
    "ca tigre": "tigre",
    "caboolture u23": "caboolture",
    "cacahuatique ii": "cacahuatique",
    "caen": "caen basket calvados",
    "cagliari calcio": "cagliari",
    "calcio lecco 1912": "lecco",
    "calcio padova": "padova",
    "caldas da rainha": "caldas",
    "callum wilson": "wilson g",
    "cambuur": "cambuur",
    "cambuur leeuwaarden": "cambuur",
    "campos": "campos",
    "capalaba bulldogs": "capalaba",
    "capalaba u23": "capalaba",
    "cape verde": "cape verde",
    "capivariano": "capivariano",
    "cardiff city": "cardiff city",
    "caroline springs george cross u23": "caroline springs george cross",
    "carpi 1909": "carpi",
    "carrarese calcio": "carrarese",
    "casarano calcio": "casarano",
    "casertana": "casertana",
    "castanhal ec": "castanhal",
    "castanhal esporte clube": "castanhal",
    "catania": "catania",
    "catanzaro 1929": "catanzaro",
    "caykur rizespor u19": "rizespor",
    "cd coria": "deportivo coria",
    "cd fas ii": "fas",
    "ce andratx": "andratx",
    "ce operario vg": "operario varzea-grandense",
    "ceara": "ceara fortaleza",
    "ec primavera": "primavera indaiatuba",
    "cefat": "cefat tirol",
    "celta": "celta",
    "celta vigo": "celta",
    "celtic": "celtic",
    "central coast mariners": "central coast mariners",
    "central coast mariners academy u21": "central coast mariners u21",
    "central coast united": "central coast mariners",
    "central cordoba": "central cordoba",
    "central cordoba de santiago": "cordoba",
    "central cordoba sde": "central cordoba",
    "central norte salta": "central norte",
    "ceramica cleopatra": "ceramika cleopatra",
    "ceramika cleopatra": "ceramika cleopatra",
    "cerro": "cerro",
    "cerro montevideo": "cerro",
    "cerro porteno": "cerro porteno",
    "cesena": "cesena",
    "ceuta": "ad ceuta",
    "cfr cluj": "cfr cluj",
    "chaco for ever": "chaco for ever",
    "charleroi": "charleroi",
    "charlestown city blues": "charlestown azzurri",
    "chayka peschanokopskoye": "chayka",
    "chelsea": "chelsea u21",
    "cherno more": "cherno more varna",
    "cherno more varna": "cherno more varna",
    "chernomorets novorossiysk": "chernomorets",
    "chernomorets nv": "chernomorets",
    "chersonissos": "hersonissos",
    "christian kouame": "kouame m",
    "christian pulisic": "pulisic с",
    "cincinnati": "cincinnati",
    "citta di palermo": "palermo",
    "citta di pontedera": "pontedera",
    "cittadella": "cittadella",
    "cpr ospitaletto": "ospitaletto",
    "città di pontedera": "citta di pontedera",
    "clermont foot": "clermont",
    "club": "club villa mitre",
    "club almagro": "almagro",
    "club america": "club america",
    "club atletico banfield": "banfield",
    "club atletico boston river": "boston river",
    "club atletico huracan": "huracan",
    "club atletico lanus": "club atletico lanus",
    "club atletico mitre": "atletico mitre",
    "club atletico nacional sa": "atletico nacional",
    "club atletico san martin de tucuman": "atletico tucuman",
    "club atletico san martín de tucuman": "club atletico san martin de tucuman",
    "club atletico sarmiento junin": "sarmiento",
    "club atletico tigre": "tigre",
    "club brugge": "brugge",
    "club cienciano cusco": "cienciano",
    "club deportivo plaza amador": "plaza amador",
    "club libertad": "club libertad",
    "club necaxa": "necaxa",
    "club rubio nu": "club rubio nu",
    "club social y deportivo macara": "macara",
    "club social y deportivo tristan suarez": "tristan suarez",
    "clube atletico linense": "atletico linense",
    "clube atletico paranaense": "atletico paranaense",
    "clube atletico votuporanguense": "atletico votuporanguense",
    "clyde": "clyde",
    "colegiales": "ca colegiales",
    "colo-colo": "colo colo",
    "colossal": "colossal gaming",
    "como": "como",
    "comunicaciones": "csd comunicaciones",
    "concord rangers": "rangers",
    "constantine": "cs constantine",
    "copenhagen u19": "copenhagen u19",
    "coquimbo": "coquimbo unido",
    "corinthians": "corinthians",
    "corinthians paulista": "corinthians",
    "cork city": "cork city",
    "corporacion deportiva real cartagena": "real cartagena",
    "correcaminos": "correcaminos 3",
    "cosenza calcio": "cosenza",
    "cove rangers": "cove rangers",
    "coventry city": "coventry city",
    "coyotes de tlaxcala": "coyotes de tlaxcala",
    "cracovia": "cracovia krakow",
    "cremonese": "cremonese",
    "crewe": "crewe alexandra",
    "croatia": "croatia",
    "cruz azul": "cruz azul",
    "crvena zvezda": "crvena zvezda",
    "crystal palace": "crystal palace",
    "cs gloria 2018 bistrita-nasaud": "gloria bistrita",
    "cs metaloglobus bucuresti": "cs dynamo bucuresti",
    "cs universitatea craiova": "universitatea craiova",
    "csikszereda": "csikszereda miercurea ciuc",
    "csikszereda miercurea ciuc": "csikszereda miercurea ciuc",
    "cska 1948": "cska sofia 1948",
    "cska 1948 sofia": "cska sofia 1948",
    "cska sofia": "cska sofia 1948",
    "cska sofia 1948": "cska sofia 1948",
    "cska sofia ii": "cska 1948 sofia",
    "csm satu mare": "satu-mare",
    "cukaricki": "cukaricki",
    "cultural leonesa": "leonesa",
    "cultural y deportiva leonesa": "leonesa",
    "curacao": "curacao",
    "cyprus": "cyprus u19",
    "czech republic": "czech republic",
    "d c united": "dc united",
    "d.c. united": "dc united",
    "dagenham & redbridge": "dagenham and redbridge",
    "dagenham redbridge": "dagenham and redbridge",
    "damac fc": "damac",
    "dandenong city": "dandenong city",
    "dandenong thunder u23": "dandenong thunder",
    "danubio": "danubio",
    "darmstadt": "darmstadt 98",
    "darmstadt 98": "darmstadt 98",
    "dc united": "dc united",
    "de": "2 de mayo",
    "de graafschap": "de graafschap",
    "debreceni vsc": "debreceni vsc",
    "delfino pescara 1936": "pescara",
    "den bosch": "den bosch",
    "dep o'higgins": "o'higgins",
    "deportes": "deportes quindio",
    "deportes iquique": "iquique",
    "deportes la serena": "la serena",
    "deportes magallanes": "magallanes",
    "deportes puerto montt": "puerto montt",
    "deportiva tarma": "deportiva tarma",
    "deportivo achuapa": "deportivo achuapa",
    "deportivo alaves": "alaves",
    "deportivo aucas": "deportivo aucas",
    "deportivo garcilaso": "deportivo garcilaso",
    "deportivo guastatoya": "deportivo guastatoya",
    "deportivo halcones de rayon": "halcones rayon",
    "deportivo hercules": "hercules",
    "deportivo hercules ii": "hercules",
    "deportivo la guaira": "deportivo la guaira",
    "deportivo linares": "linares",
    "deportivo malacateco": "malacateco",
    "deportivo maldonado": "deportivo maldonado",
    "deportivo novillos neza": "novillos neza",
    "deportivo rayo zuliano": "rayo zuliano",
    "deportivo recoleta": "deportivo recoleta",
    "deportivo riestra": "deportivo riestra",
    "deportivo tachira": "deportivo tachira",
    "deportivo toluca": "toluca",
    "derry city": "derry city",
    "diamant": "diamant esports",
    "dimona sport club": "dimona",
    "dinamo bucuresti": "dinamo bucuresti",
    "diosgyori": "diosgyori",
    "diosgyori vtk": "diosgyori",
    "djoliba": "djoliba ac",
    "djoliba ac": "djoliba ac bamako",
    "djoliba ac bamako": "djoliba ac bamako",
    "djoliba bamako": "djoliba ac bamako",
    "djurgardens": "djurgardens",
    "dmg esports": "dmg",
    "dobrudzha dobrich": "dobrudzha dobrich",
    "dorados": "dorados",
    "dorados de sinaloa": "dorados",
    "dorados sinaloa": "dorados",
    "dordrecht": "dordrecht",
    "douanes ouagadougou": "as douanes ouagadougou",
    "douyu": "douyu gaming",
    "drenica": "drenica u21",
    "drita": "kf drita",
    "dubrava": "dubrava zagreb",
    "duisburg": "duisburg",
    "dulwich hill": "hill a",
    "dumbravita": "acs dumbravita",
    "dunajska streda": "dak 1904 dunajska streda",
    "e wie einfach e-sports": "e wie einfach",
    "east fife": "east fife",
    "east kilbride": "east kilbride",
    "eberechi eze": "eze e",
    "ec agua santa": "agua santa",
    "ec sao bento sp": "sao bento",
    "ecuador": "ecuador",
    "edgeworth": "edgeworth eagles",
    "edgeworth eagles ii": "edgeworth eagles",
    "edinburgh": "edinburgh",
    "edinburgh fc": "edinburgh",
    "egypt": "egypt",
    "eintracht frankfurt u19": "eintracht frankfurt u19",
    "ekenas": "eif ekenas",
    "elfsborg": "elfsborg",
    "elgin city": "elgin city",
    "emmen": "emmen",
    "empoli": "empoli",
    "en avant de guingamp": "guingamp",
    "england": "england",
    "enosis": "enosis paralimni",
    "enterprise": "enterprise esports",
    "equipe": "equipe caos",
    "erling braut haaland": "haaland e",
    "erzurumspor": "erzurumspor bb",
    "erzurumspor bb": "erzurumspor bb",
    "esbjerg fb u19": "esbjerg u19",
    "esenler erokspor": "esenler erokspor",
    "esporte clube xv de novembro piracicaba": "xv de novembro piracicaba",
    "esteghlal": "esteghlal",
    "esteghlal tehran": "esteghlal",
    "estoril (u23)": "estoril u23",
    "estudiantes (r)": "estudiantes la plata (r)",
    "estudiantes de la plata": "estudiantes la plata",
    "estudiantes de merida": "estudiantes merida",
    "estudiantes de rio cuarto": "estudiantes rio cuarto",
    "estudiantes la plata": "estudiantes",
    "estudiantes lp": "estudiantes",
    "estudiantes plata": "estudiantes",
    "etehad al reef": "etihad al reef",
    "etihad al reef": "etihad al reef",
    "etoile": "etoile carouge",
    "etoile carouge": "etoile-carouge",
    "etoile-carouge": "etoile-carouge",
    "everton": "everton",
    "everton vina del mar": "everton vm",
    "everton vm": "everton vm",
    "ex underground": "underground",
    "ex-four magic": "four magic",
    "ex-gank esports": "ex-gank",
    "excelsior": "excelsior",
    "eyupspor": "eyupspor",
    "fabio silva": "silva f",
    "famalicao": "famalicao esports",
    "farense": "farense u23",
    "farense (u23)": "farense u23",
    "farnborough": "farnborough",
    "farul constanta": "farul constanta",
    "fas (r)": "fas",
    "fastav zlin": "fastav zlin",
    "fb": "fb team",
    "fbc melgar": "melgar",
    "fc andorra": "andorra andorra la vella",
    "fc bayern": "bayern",
    "fc bayern munchen": "bayern",
    "fc bayern munich": "bayern",
    "fc bayern münchen": "fc bayern munchen",
    "fc cajamarca": "cajamarca",
    "fc team": "fc cairo",
    "fc ufa": "ufa",
    "fcsb": "fcsb",
    "felgueiras": "felgueiras 1932",
    "felixstowe & walton united": "felixstowe and walton united",
    "ferizaj u21": "fc ferizaj u21",
    "fiorentina": "fiorentina",
    "fire": "fire flux esports",
    "first vienna": "first vienna",
    "flamengo": "flamengo",
    "flamengo rj": "flamengo",
    "fluminense": "fluminense",
    "fluminense rj": "fluminense",
    "foggia calcio": "foggia",
    "fokus reality": "fokus",
    "forfar athletic": "forfar",
    "fortaleza ceif": "fortaleza zipaquira",
    "fortaleza ec": "fortaleza",
    "fortaleza zipaquira": "fortaleza zipaquira",
    "fortuna dusseldorf": "fortuna dusseldorf",
    "fortuna düsseldorf": "fortuna dusseldorf",
    "francesco pio esposito": "esposito f p",
    "fratria": "fratria",
    "freedom24 krasav": "krasava ypsonas",
    "freedom24 krasava": "krasava ypsonas",
    "freiburg": "freiburg",
    "freiburg ii": "freiburg",
    "frem copenhagen": "frem",
    "frosinone calcio": "frosinone",
    "fsv mainz 05": "mainz",
    "fuerte san francisco": "fuerte san francisco",
    "fukuoka": "avispa fukuoka",
    "fukuoka softbank hawks gaming": "fukuoka softbank hawks",
    "fulham": "fulham",
    "furia": "furia esports",
    "fus": "fus rabat",
    "fusion": "fusion esports",
    "fut": "fut esports",
    "fut esports academy": "fut academy",
    "gabriel jesus": "jesus g",
    "gais": "gais",
    "gak": "gak",
    "galatasaray": "galatasaray",
    "gallipoli calcio srl": "gallipoli",
    "gama": "se gama",
    "gaming": "lgd gaming",
    "garforth town a f c": "garforth town",
    "garforth town a.f.c.": "garforth town",
    "gen.g": "gen.g esports",
    "genclerbirligi sk": "genclerbirligi",
    "genk": "genk",
    "genk ii": "genk 2",
    "genoa": "genoa",
    "gent ii": "gent",
    "gentle mates alpine": "gentle mates",
    "georges mikautadze": "mikautadze g",
    "germany": "germany",
    "ghana": "ghana",
    "giana erminio": "giana erminio",
    "gianluca scamacca": "scamacca g",
    "gif sundsvall": "sundsvall",
    "gil vicente (u23)": "gil vicente u23",
    "gimnasia": "gimnasia y esgrima la plata",
    "gimnasia jujuy": "gimnasia y esgrima jujuy",
    "gimnasia mendoza": "gimnasia y esgrima mendoza",
    "gimnasia tiro": "gimnasia tiro",
    "gimnasia y esgrima de chivilcoy": "gimnasia chivilcoy",
    "gimnasia y esgrima de jujuy": "gimnasia y esgrima jujuy",
    "gimnasia y esgrima jujuy": "gimnasia y esgrima jujuy",
    "gimnasia y esgrima la plata": "gimnasia y esgrima la plata",
    "gimnasia y esgrima mendoza": "gimnasia y esgrima mendoza",
    "gimnasia y tiro": "gimnasia tiro",
    "girona": "girona",
    "gjilani": "sc gjilani u21",
    "gladesville ryde magic": "magic",
    "glostrup": "glostrup",
    "go ahead eagles": "go ahead eagles",
    "goa": "goa",
    "gold coast united": "gold coast united",
    "gold coast united u23": "gold coast united",
    "goncalo matias ramos": "ramos g",
    "goteborg": "goteborg",
    "goztepe izmir": "goztepe",
    "grasshopper club zurich": "grasshoppers zurich",
    "grasshoppers": "grasshoppers zurich",
    "grasshoppers zurich": "grasshoppers zurich",
    "grazer ak": "gak",
    "green gully u23": "green gully",
    "gremio novorizontino": "novorizontino",
    "gremio porto alegre": "porto",
    "gremio porto alegrense": "porto",
    "grenoble foot 38": "grenoble",
    "Guédiawaye": "Guediawaye",
    "guédiawaye": "guediawaye",
    "guadalajara": "bm guadalajara",
    "guapore de rondonia": "guapore",
    "guastatoya": "deportivo guastatoya",
    "guiseley": "guiseley afc",
    "hacken women": "hacken w",
    "haka": "haka",
    "halmstads": "halmstads",
    "hamburg": "hsv hamburg",
    "hamburger": "hamburger",
    "hamburger sportverein": "hamburger",
    "hamburger sv": "hamburger",
    "hamilton academical": "hamilton academical",
    "hampton & richmond borough": "hampton and richmond borough",
    "hansa rostock": "hansa rostock",
    "hapoel ironi kiryat shmona": "hapoel ironi kiryat shmona",
    "hapoel kfar saba": "hapoel kfar-saba",
    "hapoel kiryat shmona": "hapoel ironi kiryat shmona",
    "hapoel migdal haemek": "hapoel migdal",
    "harland & wolff welders": "harland-wolff welders",
    "havelse": "tsv havelse",
    "heerenveen": "heerenveen",
    "heerenveen u19": "heerenveen",
    "heidelberg united u23": "heidelberg united",
    "heidenheim": "heidenheim",
    "hellas verona": "verona",
    "heracles": "heracles almelo",
    "heracles almelo": "heracles almelo",
    "herediano": "herediano",
    "hermannstadt": "hermannstadt sibiu",
    "herrera panama": "herrera",
    "hertha berlin": "hertha",
    "hertha bsc": "hertha",
    "hiroshima": "sanfrecce hiroshima",
    "hlm dakar": "hlm dakar",
    "hnk rijeka": "rijeka",
    "hoffenheim 2": "hoffenheim 2",
    "hoffenheim ii": "hoffenheim 2",
    "holland park hawks (u23)": "holland park hawks",
    "holland park hawks u23": "holland park hawks",
    "holstein": "holstein kiel",
    "home teams 4 games": "home",
    "hong kong rangers": "hong kong rangers",
    "hong kong rangers fc": "hong kong rangers",
    "honved": "budapest honved",
    "hsv": "hamburger",
    "huracan": "huracan (r)",
    "hurstville": "hurstville u20",
    "if karlstad fotboll": "if karlstad",
    "ifk goteborg": "goteborg",
    "ifk norrkoping": "norrkoping",
    "ifk varnamo": "varnamo",
    "igor thiago nascimento rodrigues": "rodrigues n",
    "idrettslaget bjarg": "bjarg",
    "ilkeston": "ilkeston town",
    "ilves": "ilves",
    "imt": "imt novi beograd",
    "independiente (r)": "independiente avellaneda (r)",
    "independiente rivadavia": "independiente rivadavia r",
    "ingolstadt": "ingolstadt 04",
    "ingolstadt 04": "ingolstadt 04",
    "inner west hawks": "hawks",
    "instituto": "instituto",
    "instituto atletico central cordoba": "instituto cordoba",
    "instituto cordoba": "instituto",
    "inter fa": "inter fa",
    "inter fa (r)": "inter fa",
    "inter fa ii": "inter fa",
    "inter lions": "lions",
    "inter milan": "internazionale",
    "inter milan u23": "internazionale u23",
    "inter u20": "inter milan u20",
    "intercity san juan de alicante": "intercity",
    "internacional": "internacional rs",
    "internacional de bogota": "international de bogota",
    "internazionale": "internazionale",
    "internazionale milano u23": "milano u23",
    "internazionale u23": "internazionale u23",
    "intz esports": "intz",
    "inverness ct": "inverness",
    "ipswich": "ipswich town",
    "ipswich town": "ipswich town",
    "iraklis thessaloniki": "iraklis",
    "iran": "iran",
    "ireland": "ireland",
    "isidro metapan (r)": "isidro metapan",
    "israel": "israel u19",
    "ivory coast": "ivory coast",
    "ivory team": "ivory",
    "jablonec": "mfk karvina",
    "jagiellonia": "jagiellonia bialystok",
    "jagiellonia bialystok": "jagiellonia bialystok",
    "jamaica": "jamaica",
    "japan": "japan",
    "jarun": "jarun zagreb",
    "jd": "jd gaming",
    "jef united": "jef united",
    "jef united chiba": "jef united",
    "jerusalem": "ms jerusalem",
    "jong genk": "genk",
    "jong psv": "jong psv",
    "jong psv eindhoven": "jong psv",
    "jordan": "jordan",
    "juarez": "juarez",
    "julian alvarez": "alvarez c",
    "jumbo team": "jumbo",
    "juventud": "juventud las piedras",
    "juventud de las piedras": "juventud las piedras",
    "juventud las piedras": "juventud las piedras",
    "juventude": "juventude",
    "juventude rs": "juventude",
    "juventus u23": "juventus u23",
    "juventus women": "juventus w",
    "k.a.s. eupen": "eupen",
    "kafr qasem": "kafr qasim",
    "kafr qasim": "kafr qasim",
    "kahibah ii": "kahibah",
    "kalamata": "kalamata 80",
    "kalmar": "kalmar ff",
    "kamaz nab chelny": "kamaz",
    "kanchanaburi power": "kanchanaburi",
    "kapfenberg": "kapfenberg",
    "kapfenberger sv": "kapfenberg",
    "karagumruk": "fatih karagumruk",
    "karlsruher": "karlsruher",
    "kartal bulvarspor u19": "bulvarspor u19",
    "karvina": "mfk karvina",
    "kasimpasa": "kasimpasa sk",
    "katowice": "gks katowice",
    "kawasaki": "kawasaki frontale",
    "kcca": "kcca",
    "keciorengucu": "keciorengucu ankara",
    "keciorengucu ankara": "keciorengucu ankara",
    "kelty hearts": "hearts",
    "kenan yildiz": "yildiz k",
    "kf aegir thorlakshofn": "aegir thorlakshofn",
    "kf drita": "kf drita",
    "kfc komarno": "komarno",
    "kfc merelbeke": "merelbeke",
    "khobar": "al-qadsiah el-khobar",
    "kidderminster": "kidderminster",
    "kidderminster harriers": "kidderminster",
    "kifisia": "kifisia",
    "kisvarda": "kisvarda",
    "kocaelispor u19": "kocaelispor",
    "koln": "koln",
    "kortrijk": "kortrijk spurs",
    "kosice": "kosice",
    "krasava": "krasava ypsonas",
    "krasava ypsonas": "ypsonas",
    "kryvbas": "kryvbas",
    "ks wieczysta krakow": "wieczysta krakow",
    "ksp polonia warszawa": "polonia warszawa",
    "ksv hessen kassel": "kassel",
    "kt rolster challengers": "kt rolster challengers",
    "kups": "kups kuopio",
    "kuusamo": "kuusamo.gg",
    "kv kortrijk": "kortrijk",
    "kvik": "kvik trondheim",
    "kvv zelzate": "zelzate",
    "kylian mbappe": "mbappe k",
    "l1ga": "l1ga team",
    "la louviere": "la louviere",
    "lambton jaffas ii": "lambton jaffas",
    "landskrona": "landskrona bois",
    "lanus": "club atletico lanus",
    "lask": "lask",
    "lask linz": "lask",
    "latina calcio": "latina",
    "lausanne": "lausanne sports",
    "lausanne sports": "lausanne sports",
    "lausanne-sport": "lausanne sports",
    "lautaro martinez": "martinez p",
    "lazer": "e-xolos lazer",
    "lazio": "lazio",
    "le mans": "le mans",
    "lecce": "lecce",
    "lech poznan": "lech poznan",
    "leeds": "leeds united",
    "leeds united": "leeds united",
    "leganes": "leganes",
    "leo esports": "leo",
    "leon": "leon",
    "leonesa": "leonesa",
    "lesotho women": "lesotho w",
    "lev a": "leviatan academy",
    "lev.a": "leviatan academy",
    "levante ud": "levante",
    "levski sofia": "levski sofia",
    "libertad": "club libertad",
    "libertad asuncion": "club libertad",
    "liefering salzburg": "liefering",
    "liepaja": "liepaja 2",
    "lierse": "lierse kempenzonen",
    "lille osc": "lille",
    "linense": "atletico linense",
    "liquid academy": "team liquid academy",
    "livorno": "livorno",
    "llaneros": "llaneros",
    "llaneros villavicencio": "llaneros",
    "lobos upnfm ii": "lobos upnfm (r)",
    "logan lightning (u23)": "logan lightning",
    "logan lightning u23": "logan lightning",
    "lois openda": "openda l",
    "lokeren-temse": "lokeren temse",
    "lokomotiv moscow": "lokomotiv moscow",
    "lokomotiv sofia": "lokomotiv sofia",
    "lommel": "lommel united",
    "ludogorets 1945": "ludogorets razgrad",
    "luis angel firpo (r)": "luis angel firpo",
    "lumezzane": "virtus lumezzane",
    "lyon": "lyon",
    "lyon gaming": "lyon",
    "macarthur fc": "macarthur fc",
    "madura united": "madura united",
    "madureira": "madureira rj",
    "magdeburg ii": "magdeburg",
    "magic united tfa": "magic united",
    "magic united u23": "magic united",
    "mainz": "mainz",
    "mainz 05": "mainz",
    "malaga": "malaga",
    "malawi women": "malawi w",
    "maldonado": "deportivo maldonado",
    "man united": "manchester united",
    "man utd": "manchester united",
    "mana": "mana esports",
    "manchester united": "manchester united",
    "manchester united w": "manchester united women",
    "manchester united women": "manchester united women",
    "manchester utd": "manchester united",
    "manisa fk": "manisa",
    "manly united": "manly united",
    "manly united u20": "manly united u20",
    "manningham united": "manningham united blues",
    "maracana": "maracana",
    "maracana cearense": "maracana",
    "marathon": "marathon r",
    "marconi stallions u20": "marconi stallions u20",
    "marcus thuram": "thuram m",
    "maritimo": "maritimo",
    "marseille": "marseille",
    "marseilles": "marseille",
    "marítimo": "maritimo",
    "maximilian beier": "beier m",
    "mazatlan": "mazatlan",
    "mb rouisset": "rouisset",
    "mc el bayadh": "el bayadh",
    "melbourne city ii": "melbourne city",
    "melbourne city women": "melbourne city w",
    "melbourne victory": "melbourne victory",
    "melgar": "melgar",
    "metaloglobus": "metaloglobus bucharest",
    "metalul buzau": "metalul buzau",
    "mexico": "mexico",
    "mfk karvina": "mfk karvina",
    "miCKe (Team Liquid)": "Team Liquid",
    "middelfart g&bk": "middelfart",
    "midtjylland u19": "midtjylland u19",
    "millonarios": "millonarios",
    "milton keynes dons": "milton keynes dons",
    "minera": "deportiva minera",
    "misr elmaqasah": "misr makasa",
    "misr lel makasa": "misr makasa",
    "mixco": "deportivo mixco",
    "mk dons": "milton keynes dons",
    "mochos": "mochos",
    "mohammedan kolkata": "mohammedan",
    "montana": "montana",
    "montenegro": "montenegro u19",
    "monterrey": "monterrey",
    "montpellier": "montpellier hsc",
    "montpellier hsc": "montpellier hsc",
    "montrose": "montrose",
    "monza 1912": "monza",
    "morgan rogers": "rogers m",
    "morocco": "morocco",
    "mp dublin": "dublin",
    "ms dimona": "dimona",
    "ms tira": "tira",
    "msk zilina": "zilina",
    "msv duisburg": "msv duisburg",
    "mtk budapest": "mtk budapest",
    "muang thong united": "muangthong united",
    "muangthong united": "muangthong united",
    "munich 1860": "munich 1860",
    "municipal limeno (r)": "municipal limeno",
    "mvv maastricht": "maastricht",
    "nac breda": "nac breda",
    "nacional": "nacional montevideo",
    "nacional asuncion": "nacional asuncion",
    "nacional potosi": "nacional potosi",
    "nakhon pathom": "nakhon pathom united",
    "nakhon ratchasima fc": "nakhonratchasima",
    "nakhonratchasima": "nakhonratchasima",
    "nancy": "nancy",
    "nantes": "nantes",
    "napoli": "napoli",
    "napredak": "napredak krusevac",
    "nd primorje": "primorje",
    "necaxa": "necaxa",
    "neftchi": "neftchi",
    "neftchi baku": "neftchi",
    "neftekhimik nizhnekamsk": "neftekhimik",
    "neftekhimik nk": "neftekhimik",
    "newcastle": "newcastle",
    "newcastle jets ii": "newcastle jets",
    "newcastle olympic ii": "newcastle olympic",
    "newcastle olympic warriors": "newcastle olympic",
    "newcastle united": "newcastle",
    "newell s old boys": "newell s old boys",
    "newell's old boys": "newells old boys",
    "newell`s old boys": "newell's old boys",
    "newells old": "newells old boys",
    "newells old boys": "newells old boys",
    "newroz sulaymaniyah": "newroz",
    "nick woltemade": "woltemade n",
    "nicolas pepe": "pepe n",
    "nijmegen": "nec nijmegen",
    "niki volos": "volos",
    "noah yerevan": "noah",
    "north geelong warriors u23": "north geelong warriors",
    "north sunshine eagles u23": "north sunshine eagles",
    "northern tigers": "northern tigers u20",
    "norway": "norway",
    "novara calcio": "novara",
    "novi beograd": "imt novi beograd",
    "novorizontino": "novorizontino",
    "nrg esports": "nrg",
    "nueva chicago": "nueva chicago",
    "nurnberg": "nurnberg",
    "nyiregyhaza spartacus": "nyiregyhaza",
    "o`higgins": "o'higgins",
    "obolon": "obolon kiev",
    "odense": "odense",
    "odense bk": "odense",
    "ofi": "ofi",
    "ofi crete": "ofi",
    "olivier giroud": "giroud o",
    "olympiacos": "olympiacos piraeus",
    "olympiacos piraeus": "olympiacos piraeus",
    "olympiacos piraeus ii": "olympiacos piraeus",
    "olympique de marseille": "marseille",
    "omega": "team omega",
    "ongos valley": "ongos",
    "oran": "mc oran",
    "orebro sk": "orebro",
    "orenburg": "orenburg",
    "orense sporting club": "sporting",
    "orgryte": "orgryte",
    "orijent rijeka 1919": "orijent rijeka",
    "osters": "osters if",
    "ostersunds fk": "ostersunds",
    "otakar": "otakar esports",
    "otelul": "otelul galati",
    "otelul galati": "otelul galati",
    "ousmane dembele": "dembele o",
    "oviedo": "oviedo",
    "p a o k ii": "bayern munchen ii",
    "pablo rodriguez delgado": "rodriguez j",
    "pachuca": "pachuca",
    "paderborn": "paderborn 07",
    "paderborn 07": "paderborn 07",
    "paderborn 07 ii": "paderborn 07",
    "pafos": "pafos",
    "paksi": "paksi",
    "palmeiras": "palmeiras sp",
    "panama": "panama",
    "panionios": "panionios",
    "paok saloniki": "paok",
    "pari nizhny novgorod": "nizhny novgorod",
    "paris fc": "paris fc",
    "parma": "parma",
    "parramatta": "parramatta eels",
    "patriotas": "patriotas",
    "patriotas boyaca": "patriotas",
    "patronato": "patronato parana",
    "patronato parana": "patronato parana",
    "peek": "peek gaming",
    "pen-y-bont": "penybont",
    "penarol": "penarol montevideo",
    "perez zeledon": "municipal perez zeledon",
    "pergolettese 1932": "pergolettese",
    "persijap jepara": "persijap jepara",
    "peterborough": "peterborough united",
    "peterborough united": "peterborough united",
    "petrolul ploiesti": "petrolul ploiesti",
    "pfc kuban": "kuban",
    "phantom esports": "phantom",
    "phil foden": "foden p",
    "pianese a.s.d": "pianese",
    "piracicaba": "xv de novembro piracicaba",
    "pisa": "pisa",
    "pitbulls": "pitbulls santa barbara",
    "platense fc": "platense",
    "platense zacatecoluca": "platense municipal zacatecoluca",
    "plymouth": "plymouth argyle",
    "plymouth argyle": "plymouth argyle",
    "plymouth parkway": "plymouth parkway",
    "podbrezova": "zeleziarne podbrezova",
    "polissya zhytomyr": "polissya zhytomyr",
    "polissya zhytomyr u19": "polissya zhytomyr u19",
    "pombal": "pombal paraiba",
    "port bangkok": "port bangkok",
    "port fc": "port bangkok",
    "port melbourne sharks u23": "port melbourne sharks",
    "portimonense": "portimonense u23",
    "portimonense (u23)": "portimonense u23",
    "porto women": "porto w",
    "portugal": "portugal",
    "portuguesa acarigua": "portuguesa",
    "potters bar town": "potters bar town",
    "preston": "preston north end",
    "preussen munster": "preussen munster",
    "primavera": "primavera indaiatuba",
    "prishtina u21": "kf prishtina u21",
    "procyon gaming": "procyon",
    "progreso": "atletico progreso",
    "psim yogyakarta": "psim yogyakarta",
    "psv eindhoven": "psv",
    "psv eindhoven ii": "jong psv eindhoven",
    "psv eindhoven u19": "psv",
    "puebla": "puebla",
    "pumas": "pumas unam",
    "pumas unam": "pumas unam",
    "pyramids": "pyramids",
    "pyramids fc": "pyramids",
    "qadsia": "al qadsia kuwait",
    "qarabag": "qarabag",
    "qatar": "qatar",
    "qing": "qing jiu club",
    "qor gaming": "qor",
    "queen of the south": "queen of south",
    "queen's park": "queens park",
    "queen`s park": "queen's park",
    "queens park": "queens park",
    "queensland lions": "queensland lions",
    "queretaro": "queretaro",
    "raal la louviere": "la louviere",
    "racing avellaneda": "racing",
    "racing club": "racing",
    "racing club de avellaneda": "racing de avellaneda",
    "racing club de montevideo": "racing montevideo",
    "radnik": "radnik surdulica",
    "radomiak": "radomiak radom",
    "radomlje": "radomlje",
    "rafael leao": "leao r",
    "rail club du kadiogo": "rail club du kadiogo",
    "rail club kadiogo": "rail club du kadiogo",
    "rakow czestochowa": "rakow czestochowa",
    "ramboot": "ramboot club",
    "rapid 2 vienna": "rapid 2 vienna",
    "rapid bucuresti": "rapid bucuresti",
    "rapid vienna ii": "rapid 2 vienna",
    "rapid wien ii": "rapid 2 vienna",
    "rasenballsport leipzig": "leipzig",
    "rathfriland rangers": "rangers",
    "rb leipzig": "leipzig",
    "rc kadiogo": "rail club du kadiogo",
    "reading": "reading u21",
    "real": "real madrid",
    "real c.d. espana ii": "real espana",
    "real cundinamarca": "real soacha cundinamarca",
    "real espana": "real espana",
    "real madrid": "real madrid",
    "real madrid c.f.": "real madrid",
    "real madrid cf": "real madrid",
    "real zaragoza": "real zaragoza",
    "recoleta": "deportivo recoleta",
    "recreativo de huelva": "recreativo",
    "recreativo huelva": "recreativo",
    "red bull bragantino": "red bull",
    "red bull salzburg": "salzburg",
    "redlands united u23": "redlands united",
    "reggiana 1919": "reggiana",
    "remo": "remo e-sports",
    "renaissance sportive de berkane": "renaissance berkane",
    "renate": "renate",
    "rennes": "cesson rennes",
    "rfc liege": "rfc liege",
    "rfc seraing": "seraing",
    "rheindorf altach": "rheindorf altach",
    "ried": "ried",
    "riffa": "al riffa",
    "rijeka": "rijeka",
    "rio blanco": "deportivo rio blanco",
    "river plate buenos aires": "river plate",
    "rkc waalwijk": "waalwijk",
    "rks radomiak radom": "radomiak radom",
    "rochedale rovers": "rochedale rovers",
    "rockdale ilinden u20": "rockdale ilinden u20",
    "roda jc": "roda kerkrade",
    "roda jc kerkrade": "roda kerkrade",
    "roda kerkrade": "roda kerkrade",
    "rodez": "rodez aveyron",
    "rodez aveyron": "rodez aveyron",
    "rodina": "rodina moscow",
    "rodina moscow": "rodina moscow",
    "romania": "romania",
    "rosario central": "rosario central",
    "roskilde": "fc roskilde",
    "rostov": "rostov",
    "rot weiss essen": "rot weiss essen",
    "rot-weiss essen": "rot-weiss essen",
    "rubio": "rubio nu",
    "rubio nu": "club rubio nu",
    "ruch chorzow": "ruch chorzow",
    "rudes zagreb": "rudes",
    "rukh lviv": "rukh lviv",
    "rylands": "warrington rylands",
    "s c u torreense": "torreense",
    "s e f sassari torres 1903": "torres",
    "s l benfica ii": "benfica",
    "s.c.u. torreense": "torreense",
    "s.e.f. sassari torres 1903": "torres",
    "s.l. benfica ii": "sl benfica",
    "s.s.d. citta di campobasso": "campobasso",
    "saint george city": "st. george city",
    "saint mirren": "saint mirren",
    "saint patrick's athletic": "saint patrick's athletic",
    "ud san sebastian de los reyes": "san sebastian reyes",
    "ud san sebastián de los reyes": "san sebastian reyes",
    "salernitana 1919": "salernitana",
    "sama al sarhan": "al sarhan",
    "sampaio correa rj": "sampaio correa rj",
    "san carlos": "ad san carlos",
    "san lorenzo": "san lorenzo almagro",
    "san lorenzo de almagro": "san lorenzo almagro",
    "san marcos de arica": "san marcos arica",
    "san martin de san juan": "san martin san juan",
    "san martin de tucuman": "san martin tucuman",
    "san martin tucuman": "san martin tucuman",
    "san miguel": "ca san miguel",
    "san telmo": "ca san telmo",
    "sandvikens": "sandvikens",
    "santa cruz": "deportes santa cruz",
    "santa fe": "independiente santa fe",
    "santiago tulantepec": "santiago tulantepec",
    "santos": "santos sp",
    "santos laguna": "santos laguna",
    "sao jose porto alegre": "sao jose rs",
    "sao jose rs": "sao jose rs",
    "sao paulo": "sao paulo",
    "saprissa": "deportivo saprissa",
    "sarmiento": "sarmiento",
    "sarmiento junin": "sarmiento",
    "sassuolo calcio": "sassuolo",
    "scg muangthong united": "muangthong united",
    "schalke 04": "schalke 04",
    "scotland": "scotland",
    "scr altach": "rheindorf altach",
    "sd amorebieta": "amorebieta",
    "sd ejea": "ejea",
    "sd ponferradina": "ponferradina",
    "sebaco": "export sebaco",
    "semperfi": "semperfi esports",
    "senegal": "senegal",
    "sepahan isfahan": "sepahan",
    "septemvri sofia": "septemvri sofia",
    "serik belediespor": "serik belediespor",
    "serik belediyespor": "serik belediespor",
    "serra": "serra",
    "serra espirito santo": "serra",
    "servette": "servette",
    "sevilla": "sevilla",
    "sevilya": "sevilla",
    "shabab al ahli": "shabab al ahli",
    "shabab al ahli dubai": "shabab al ahli",
    "shabab al ordon al quadisiya": "shabab al ordon",
    "shamrock rovers": "shamrock rovers",
    "sharjah": "sharjah",
    "sharjah fc": "sharjah",
    "shinnik yaroslavl": "shinnik",
    "sigma olomouc": "sigma olomouc",
    "silkeborg u19": "silkeborg u19",
    "sivasspor": "sivasspor u19",
    "ska": "ska khabarovsk",
    "ska khabarovsk": "ska khabarovsk",
    "ska-khabarovsk": "ska khabarovsk",
    "skalica": "skalica",
    "skn st polten": "st polten",
    "sku amstetten": "amstetten",
    "slavia sofia": "slavia sofia",
    "sochi": "sochi",
    "sonderjyske u19": "sonderjyske u19",
    "songkhla": "fc songkhla",
    "sorrento calcio": "sorrento",
    "sousa": "sousa paraibano",
    "south": "south africa",
    "south africa": "south africa",
    "south africa women": "south africa w",
    "southampton": "southampton u21",
    "spain": "spain",
    "spartak moscow": "spartak moscow",
    "spartak subotica": "spartak subotica",
    "spartak varna": "spartak varna",
    "spartans": "hamrun spartans",
    "spezia calcio": "spezia",
    "sport huancayo": "sport huancayo",
    "sporting": "sporting cristal",
    "sporting 2 lisbon": "sporting 2",
    "sporting clube de portugal ii": "portugal",
    "sporting cp": "sporting",
    "sporting cristal": "sporting cristal",
    "sporting lisbon": "sporting",
    "sporting lisbon ii": "sporting 2",
    "sportivo": "sportivo san lorenzo",
    "sportivo trinidense": "sportivo trinidense",
    "ssv ulm": "ulm 1846",
    "ssv ulm 1846": "ulm 1846",
    "st george city fa u20": "st george city u20",
    "st george saints u20": "st george saints u20",
    "st mirren": "saint mirren",
    "st patrick s athletic": "saint patrick s athletic",
    "st patrick's athletic": "saint patrick's athletic",
    "st patrick´s athletic": "saint patrick's athletic",
    "st pauli": "st pauli",
    "st. george city fa u20": "st. george city u20",
    "st. george saints u20": "st. george saints u20",
    "st. pauli": "st. pauli",
    "stade brestois": "stade brestois 29",
    "stade brestois 29": "stade brestois 29",
    "stade briochin": "stade briochin",
    "stade de reims": "reims",
    "stade malien": "stade malien bamako",
    "stade rennais": "rennais",
    "stanway rovers": "stanway",
    "stirling albion": "stirling albion",
    "stoke city": "stoke city u21",
    "stream-team": "stream team",
    "sturm 2 graz": "sturm 2 graz",
    "sturm graz ii": "sturm 2 graz",
    "stuttgart 2": "stuttgart 2",
    "stuttgart ii": "stuttgart 2",
    "sudtirol": "sudtirol",
    "sunderland": "sunderland u21",
    "sunshine coast wanderers u23": "sunshine coast wanderers",
    "suriname": "suriname",
    "sutherland sharks u20": "sutherland sharks u20",
    "sv ried": "ried",
    "sv waldhof mannheim 07": "waldhof mannheim",
    "swansea city": "swansea",
    "sydney olympic": "sydney olympic",
    "sydney olympic u20": "sydney olympic u20",
    "t1 esports academy": "t1 academy",
    "tai po": "wofoo tai po",
    "talleres": "talleres",
    "talleres cordoba": "talleres",
    "talleres de cordoba": "talleres cordoba",
    "tani oluwaseyi": "oluwaseyi t",
    "tapatio": "deportivo tapatio",
    "tatran liptovsky mikulas": "tatran liptovsky mikulas",
    "tatran presov": "tatran presov",
    "team": "team liquid",
    "team altamura": "altamura",
    "team evictix": "evictix",
    "team fc cairo": "fc cairo",
    "team muerta": "muerta",
    "team oxen": "oxen",
    "team secret whales": "secret whales",
    "team orange": "team orange gaming",
    "team ursa": "ursa",
    "team voca": "voca",
    "tekstilschik ivanovo": "tekstilschik",
    "telstar": "telstar",
    "tepatitlan": "tepatitlan morelos",
    "tepatitlan morelos": "tepatitlan morelos",
    "termalica": "b-b termalica",
    "tezcat": "tezcat gaming",
    "thiago almada": "almada thiago",
    "tidal": "tidal legends gaming",
    "tigre": "tigre",
    "tigres": "tigres monterrey",
    "tigres bogota": "tigres bogota",
    "tigres monterrey": "tigres mx",
    "tigres uanl": "tigres mx",
    "tijuana": "tijuana",
    "tirol": "wsg tirol",
    "tlaxcala": "coyotes de tlaxcala",
    "tnc esports": "tnc",
    "tolima": "deportes tolima",
    "toma maglie": "antonio toma maglie",
    "top": "top esports armor",
    "top esports": "top esports armor",
    "top esports armor": "top esports",
    "top oss": "oss",
    "torpedo moscow": "torpedo moscow",
    "tottenham hotspur": "tottenham",
    "tottenham hotspurs": "tottenham",
    "totton": "totton",
    "toulouse": "toulouse",
    "tractor": "tractor",
    "traktor sazi": "tractor",
    "trapani calcio": "trapani",
    "trencin": "trencin",
    "tricked": "tricked esport",
    "triestina calcio": "triestina",
    "trujillanos": "trujillanos",
    "tsc backa topola": "backa topola",
    "tsg 1899 hoffenheim": "hoffenheim",
    "tsv alemannia aachen": "alemannia aachen",
    "tsv havelse": "tsv havelse",
    "tunisia": "tunisia",
    "turkey": "turkey",
    "tychy": "gks tychy",
    "u.s.c. paredes": "paredes",
    "u.s.d. cavese 1919": "cavese",
    "u21": "a-ahli jeddah u21",
    "ud logrones": "logrones ud",
    "udinese calcio": "udinese",
    "ue porreres": "porreres",
    "ufa": "ufa",
    "ulm": "ulm 1846",
    "ulm 1846": "ulm 1846",
    "ulsan hd": "ulsan",
    "ulsan hyundai": "ulsan",
    "umraniyespor u19": "umraniyespor u19",
    "uniao leiria": "leiria",
    "uniao paredes": "paredes",
    "uniao recreativa dos trabalhadores": "uniao trabalhadores",
    "union brescia": "brescia",
    "union de santa fe": "union santa fe",
    "unione venezia": "venezia",
    "unirea slobozia": "unirea slobozia",
    "united": "leeds united",
    "universidad central de venezuela": "universidad central venezuela",
    "universidad de concepcion": "universidad concepcion",
    "universitario de deportes": "universitario lima",
    "universitario lima": "universitario lima",
    "universitatea cluj": "universitatea cluj",
    "universitatea craiova": "universitatea craiova",
    "university of johannesburg": "university johannesburg",
    "university of new south wales u20": "university new south wales u20",
    "ura": "ura kampala",
    "urawa": "urawa red diamonds",
    "uruguay": "uruguay",
    "usa": "usa",
    "usl dunkerque": "dunkerque",
    "utc cajamarca": "utc cajamarca",
    "utc de cajamarca": "utc cajamarca",
    "uthai thani": "uthai thani",
    "utrecht ii": "utrecht",
    "uzbekistan": "uzbekistan",
    "valentine phoenix ii": "valentine phoenix",
    "vasteras sk": "vasteras",
    "vejle u19": "vejle u19",
    "velez sarsfield": "velez sarsfield",
    "vendetta gaming": "vendetta",
    "verona": "verona",
    "vfb oldenburg": "oldenburg",
    "vfb stuttgart": "stuttgart",
    "vfb stuttgart ii": "stuttgart",
    "vfl bochum": "bochum",
    "vfl osnabruck": "osnabruck",
    "vfl wolfsburg": "vfl wolfsburg",
    "vfl wolfsburg women": "wolfsburg w",
    "vicenza calcio": "vicenza",
    "viktoria plzen": "viktoria plzen",
    "villarreal": "villarreal",
    "vinicius junior": "junior vinicius",
    "virtus entella": "virtus entella",
    "vis pesaro": "vis pesaro",
    "vitesse arnhem": "vitesse",
    "vitoria": "vitoria",
    "vitoria salvador": "vitoria",
    "vojvodina": "vojvodina novi sad",
    "volendam": "fc volendam",
    "volga ulyanovsk": "volga ulyanovsk",
    "vukovar": "vukovar 91",
    "vukovar 91": "vukovar 91",
    "waldhof mannheim": "waldhof mannheim",
    "walton and hersham": "walton hersham",
    "wehen": "wehen wiesbaden",
    "werder": "werder bremen",
    "werder bremen": "werder bremen",
    "werder bremen ii": "werder bremen",
    "western city rangers": "rangers",
    "weston sm": "weston sm",
    "weston super mare": "weston sm",
    "weston workers bears": "weston workers",
    "weston workers bears ii": "weston workers",
    "wexford youths": "wexford",
    "widzew lodz": "widzew lodz",
    "wigan athletic": "wigan athletic",
    "willem ii": "willem ii",
    "wimbledon": "afc wimbledon",
    "wingate & finchley": "wingate and finchley",
    "wisla krakow": "ts wisla krakow",
    "wofoo tai po": "wofoo tai po",
    "wolfsburg": "vfl wolfsburg",
    "wollongong wolves u20": "wollongong wolves",
    "wolverhampton": "wolverhampton u21",
    "wolverhampton wanderers": "wolverhampton",
    "wolves": "wolves esports",
    "wsc hertha wels": "hertha wels",
    "ww": "team ww",
    "ww team": "team ww",
    "wynnum wolves": "wolves",
    "wynnum wolves u23": "wolves u23",
    "xamax": "neuchatel xamax",
    "xelaju mc": "xelaju",
    "xerez": "xerez cd",
    "xi": "xi esport",
    "xv de piracicaba": "xv de novembro piracicaba",
    "yeclano deportivo": "yeclano",
    "yenisey krasnoyarsk": "yenisey",
    "young africans gobabis": "young africans",
    "ypiranga": "ypiranga erechim",
    "ypsonas": "ypsonas",
    "yverdon": "yverdon sport",
    "yverdon sport": "yverdon sport",
    "yverdon-sport": "yverdon sport",
    "zacatecoluca fc (r)": "zacatecoluca",
    "zacatecoluca ii": "zacatecoluca",
    "zalgiris": "kauno zalgiris",
    "zamora": "zamora n",
    "zaragoza": "real zaragoza",
    "zbrojovka": "zbrojovka brno",
    "zeleziarne": "zeleziarne podbrezova",
    "zeleziarne podbrezova": "zeleziarne podbrezova",
    "zemplin": "zemplin michalovce",
    "zenit": "zenit",
    "zenit saint petersburg": "zenit",
    "zlin": "fastav zlin",
    "zorya": "zorya lugansk",
    "zrinjski": "zrinjski mostar"
  }
}